StartTime,EndTime,TotalPackets,TotalBytes,PPS,BPS,UniqueSrcIPs,UniqueDstIPs,UniqueSrcPorts,UniqueDstPorts,ActiveFlows,CntSYN,CntACK,CntFIN,CntRST,CntPSH,CntURG
2015-02-18 03:23:20.000,03:23:30.000,162,63284,16.20,6328.40,5,5,12,12,8,16,152,28,0,10,0
2015-02-18 03:23:30.000,03:23:40.000,416,88711,41.60,8871.10,12,11,30,30,23,80,372,72,0,24,0
2015-02-18 03:23:40.000,03:23:50.000,146,30928,14.60,3092.80,12,12,16,14,14,28,122,28,0,12,0
2015-02-18 03:23:50.000,03:24:00.000,224,94936,22.40,9493.60,11,11,15,14,13,32,200,36,0,16,0
2015-02-18 03:24:00.000,03:24:10.000,252,55106,25.20,5510.60,13,11,15,14,12,32,230,28,0,18,0
2015-02-18 03:24:10.000,03:24:20.000,118,17120,11.80,1712.00,13,13,10,9,11,20,92,24,0,4,0
2015-02-18 03:24:20.000,03:24:30.000,204,82883,20.40,8288.30,11,11,37,11,36,16,122,16,0,16,0
2015-02-18 03:24:30.000,03:24:40.000,362,161132,36.20,16113.20,13,13,75,17,73,36,218,20,0,10,0
2015-02-18 03:24:40.000,03:24:50.000,206,106341,20.60,10634.10,12,13,15,14,13,16,190,24,0,20,0
2015-02-18 03:24:50.000,03:25:00.000,266,155349,26.60,15534.90,13,13,17,16,15,28,240,32,0,2,0
2015-02-18 03:25:00.000,03:25:10.000,216,39234,21.60,3923.40,11,12,14,13,12,24,196,28,0,24,0
2015-02-18 03:25:10.000,03:25:20.000,80,7570,8.00,757.00,10,9,10,10,9,20,62,16,0,0,0
2015-02-18 03:25:20.000,03:25:30.000,210,47526,21.00,4752.60,13,13,16,15,14,32,182,32,0,24,0
2015-02-18 03:25:30.000,03:25:40.000,372,240029,37.20,24002.90,12,11,15,15,11,28,354,28,0,38,0
2015-02-18 03:25:40.000,03:25:50.000,104,26292,10.40,2629.20,11,11,14,11,11,16,86,20,0,2,0
2015-02-18 03:25:50.000,03:26:00.000,514,281589,51.40,28158.90,12,12,24,24,17,52,478,48,0,28,0
2015-02-18 03:26:00.000,03:26:10.000,244,55112,24.40,5511.20,11,10,14,14,11,28,226,32,0,18,0
2015-02-18 03:26:10.000,03:26:20.000,4,284,0.40,28.40,3,2,1,1,3,0,0,0,0,0,0
2015-02-18 03:26:20.000,03:26:30.000,2,160,0.20,16.00,2,1,1,1,2,0,0,0,0,0,0
2015-02-18 03:26:30.000,03:26:40.000,6,372,0.60,37.20,3,2,1,1,3,0,0,0,0,0,0
2015-02-18 03:26:40.000,03:26:50.000,2,160,0.20,16.00,2,1,1,1,2,0,0,0,0,0,0
2015-02-18 03:26:50.000,03:27:00.000,2,160,0.20,16.00,2,1,1,1,2,0,0,0,0,0,0
2015-02-18 03:27:00.000,03:27:10.000,6,372,0.60,37.20,3,2,1,1,3,0,0,0,0,0,0
2015-02-18 03:27:10.000,03:27:20.000,4,284,0.40,28.40,3,2,1,1,3,0,0,0,0,0,0
2015-02-18 03:27:20.000,03:27:30.000,2,160,0.20,16.00,2,1,1,1,2,0,0,0,0,0,0
2015-02-18 03:27:30.000,03:27:40.000,12,784,1.20,78.40,4,3,1,1,4,0,0,0,0,0,0
2015-02-18 03:27:40.000,03:27:50.000,2,160,0.20,16.00,2,1,1,1,2,0,0,0,0,0,0
2015-02-18 03:27:50.000,03:28:00.000,2,160,0.20,16.00,2,1,1,1,2,0,0,0,0,0,0
2015-02-18 03:28:00.000,03:28:10.000,6,372,0.60,37.20,3,2,1,1,3,0,0,0,0,0,0
2015-02-18 03:28:10.000,03:28:20.000,4,284,0.40,28.40,3,2,1,1,3,0,0,0,0,0,0
2015-02-18 03:28:20.000,03:28:30.000,2,160,0.20,16.00,2,1,1,1,2,0,0,0,0,0,0
2015-02-18 03:28:30.000,03:28:40.000,6,372,0.60,37.20,3,2,1,1,3,0,0,0,0,0,0
2015-02-18 03:28:40.000,03:28:50.000,2,160,0.20,16.00,2,1,1,1,2,0,0,0,0,0,0
2015-02-18 03:28:50.000,03:29:00.000,2,160,0.20,16.00,2,1,1,1,2,0,0,0,0,0,0
2015-02-18 03:29:00.000,03:29:10.000,6,372,0.60,37.20,3,2,1,1,3,0,0,0,0,0,0
2015-02-18 03:29:10.000,03:29:20.000,4,284,0.40,28.40,3,2,1,1,3,0,0,0,0,0,0
2015-02-18 03:29:20.000,03:29:30.000,2,160,0.20,16.00,2,1,1,1,2,0,0,0,0,0,0
2015-02-18 03:29:30.000,03:29:40.000,6,372,0.60,37.20,3,2,1,1,3,0,0,0,0,0,0
2015-02-18 03:29:40.000,03:29:50.000,2,160,0.20,16.00,2,1,1,1,2,0,0,0,0,0,0
2015-02-18 03:29:50.000,03:30:00.000,2,160,0.20,16.00,2,1,1,1,2,0,0,0,0,0,0
2015-02-18 03:30:00.000,03:30:10.000,6,372,0.60,37.20,3,2,1,1,3,0,0,0,0,0,0
2015-02-18 03:30:10.000,03:30:20.000,4,284,0.40,28.40,3,2,1,1,3,0,0,0,0,0,0
2015-02-18 03:30:20.000,03:30:30.000,2,160,0.20,16.00,2,1,1,1,2,0,0,0,0,0,0
2015-02-18 03:30:30.000,03:30:40.000,12,784,1.20,78.40,4,3,1,1,4,0,0,0,0,0,0
2015-02-18 03:30:40.000,03:30:50.000,2,160,0.20,16.00,2,1,1,1,2,0,0,0,0,0,0
2015-02-18 03:30:50.000,03:31:00.000,2,160,0.20,16.00,2,1,1,1,2,0,0,0,0,0,0
2015-02-18 03:31:00.000,03:31:10.000,6,372,0.60,37.20,3,2,1,1,3,0,0,0,0,0,0
2015-02-18 03:31:10.000,03:31:20.000,4,284,0.40,28.40,3,2,1,1,3,0,0,0,0,0,0
2015-02-18 03:31:20.000,03:31:30.000,2,160,0.20,16.00,2,1,1,1,2,0,0,0,0,0,0
2015-02-18 03:31:30.000,03:31:40.000,2,160,0.20,16.00,2,1,1,1,2,0,0,0,0,0,0
2015-02-18 03:31:40.000,03:31:50.000,6,372,0.60,37.20,3,2,1,1,3,0,0,0,0,0,0
2015-02-18 03:31:50.000,03:32:00.000,2,160,0.20,16.00,2,1,1,1,2,0,0,0,0,0,0
2015-02-18 03:32:00.000,03:32:10.000,2,160,0.20,16.00,2,1,1,1,2,0,0,0,0,0,0
2015-02-18 03:32:10.000,03:32:20.000,8,496,0.80,49.60,3,2,1,1,3,0,0,0,0,0,0
2015-02-18 03:32:20.000,03:32:30.000,2,160,0.20,16.00,2,1,1,1,2,0,0,0,0,0,0
2015-02-18 03:32:30.000,03:32:40.000,2,160,0.20,16.00,2,1,1,1,2,0,0,0,0,0,0
2015-02-18 03:32:40.000,03:32:50.000,6,372,0.60,37.20,3,2,1,1,3,0,0,0,0,0,0
2015-02-18 03:32:50.000,03:33:00.000,2,160,0.20,16.00,2,1,1,1,2,0,0,0,0,0,0
2015-02-18 03:33:00.000,03:33:10.000,2,160,0.20,16.00,2,1,1,1,2,0,0,0,0,0,0
2015-02-18 03:33:10.000,03:33:20.000,4,284,0.40,28.40,3,2,1,1,3,0,0,0,0,0,0
2015-02-18 03:33:20.000,03:33:30.000,2,160,0.20,16.00,2,1,1,1,2,0,0,0,0,0,0
2015-02-18 03:33:30.000,03:33:40.000,8,572,0.80,57.20,4,3,1,1,4,0,0,0,0,0,0
2015-02-18 03:33:40.000,03:33:50.000,2,160,0.20,16.00,2,1,1,1,2,0,0,0,0,0,0
2015-02-18 03:33:50.000,03:34:00.000,2,160,0.20,16.00,2,1,1,1,2,0,0,0,0,0,0
2015-02-18 03:34:00.000,03:34:10.000,2,160,0.20,16.00,2,1,1,1,2,0,0,0,0,0,0
2015-02-18 03:34:10.000,03:34:20.000,6,819,0.60,81.90,4,3,2,2,4,0,0,0,0,0,0
2015-02-18 03:34:20.000,03:34:30.000,2,160,0.20,16.00,2,1,1,1,2,0,0,0,0,0,0
2015-02-18 03:34:30.000,03:34:40.000,2,160,0.20,16.00,2,1,1,1,2,0,0,0,0,0,0
2015-02-18 03:34:40.000,03:34:50.000,2,160,0.20,16.00,2,1,1,1,2,0,0,0,0,0,0
2015-02-18 03:34:50.000,03:35:00.000,2,160,0.20,16.00,2,1,1,1,2,0,0,0,0,0,0
2015-02-18 03:35:00.000,03:35:10.000,2,160,0.20,16.00,2,1,1,1,2,0,0,0,0,0,0
2015-02-18 03:35:10.000,03:35:20.000,4,284,0.40,28.40,3,2,1,1,3,0,0,0,0,0,0
2015-02-18 03:35:20.000,03:35:30.000,2,160,0.20,16.00,2,1,1,1,2,0,0,0,0,0,0
2015-02-18 03:35:30.000,03:35:40.000,2,160,0.20,16.00,2,1,1,1,2,0,0,0,0,0,0
2015-02-18 03:35:40.000,03:35:50.000,2,160,0.20,16.00,2,1,1,1,2,0,0,0,0,0,0
2015-02-18 03:35:50.000,03:36:00.000,2,160,0.20,16.00,2,1,1,1,2,0,0,0,0,0,0
2015-02-18 03:36:00.000,03:36:10.000,2,160,0.20,16.00,2,1,1,1,2,0,0,0,0,0,0
2015-02-18 03:36:10.000,03:36:20.000,4,284,0.40,28.40,3,2,1,1,3,0,0,0,0,0,0
2015-02-18 03:36:20.000,03:36:30.000,2,160,0.20,16.00,2,1,1,1,2,0,0,0,0,0,0
2015-02-18 03:36:30.000,03:36:40.000,8,572,0.80,57.20,4,3,1,1,4,0,0,0,0,0,0
2015-02-18 03:36:40.000,03:36:50.000,2,160,0.20,16.00,2,1,1,1,2,0,0,0,0,0,0
2015-02-18 03:36:50.000,03:37:00.000,2,160,0.20,16.00,2,1,1,1,2,0,0,0,0,0,0
2015-02-18 03:37:00.000,03:37:10.000,2,160,0.20,16.00,2,1,1,1,2,0,0,0,0,0,0
2015-02-18 03:37:10.000,03:37:20.000,4,284,0.40,28.40,3,2,1,1,3,0,0,0,0,0,0
2015-02-18 03:37:20.000,03:37:30.000,2,160,0.20,16.00,2,1,1,1,2,0,0,0,0,0,0
2015-02-18 03:37:30.000,03:37:40.000,2,160,0.20,16.00,2,1,1,1,2,0,0,0,0,0,0
2015-02-18 03:37:40.000,03:37:50.000,1114,125260,111.40,12526.00,34,33,220,220,181,440,576,40,0,10,0
2015-02-18 03:37:50.000,03:38:00.000,1254,242652,125.40,24265.20,31,30,233,232,181,436,672,36,0,14,0
2015-02-18 03:38:00.000,03:38:10.000,14264,2761792,1426.40,276179.20,31,30,841,832,738,2032,12912,556,0,5452,0
2015-02-18 03:38:10.000,03:38:20.000,44178,17683768,4417.80,1768376.80,34,34,1194,1191,1010,1488,43110,3232,0,17608,0
2015-02-18 03:38:20.000,03:38:30.000,27662,12361080,2766.20,1236108.00,34,33,683,682,520,1224,26642,1728,0,10990,0
2015-02-18 03:38:30.000,03:38:40.000,18788,6152746,1878.80,615274.60,30,30,460,460,402,1280,17818,1292,0,7138,0
2015-02-18 03:38:40.000,03:38:50.000,18956,6893810,1895.60,689381.00,35,34,439,438,355,1128,18050,1144,0,7048,0
2015-02-18 03:38:50.000,03:39:00.000,15804,4094757,1580.40,409475.70,32,31,433,431,368,1164,14848,1144,0,6252,0
2015-02-18 03:39:00.000,03:39:10.000,26942,14900310,2694.20,1490031.00,31,30,428,427,362,1128,26022,1132,0,10108,0
2015-02-18 03:39:10.000,03:39:20.000,20144,8448838,2014.40,844883.80,33,33,427,425,368,1160,19246,1140,0,7800,0
2015-02-18 03:39:20.000,03:39:30.000,17938,6054146,1793.80,605414.60,31,31,450,447,372,1152,16986,1176,0,6906,0
2015-02-18 03:39:30.000,03:39:40.000,17604,7208432,1760.40,720843.20,34,35,417,417,351,1084,16704,1088,0,6762,0
2015-02-18 03:39:40.000,03:39:50.000,16814,6096806,1681.40,609680.60,33,32,452,452,382,1224,15850,1218,0,6390,0
2015-02-18 03:39:50.000,03:40:00.000,17554,7147198,1755.40,714719.80,31,31,412,411,323,976,16666,974,0,6948,0
2015-02-18 03:40:00.000,03:40:10.000,19402,8721056,1940.20,872105.60,31,31,415,413,340,1032,18508,1024,0,7342,0
2015-02-18 03:40:10.000,03:40:20.000,19758,10496166,1975.80,1049616.60,34,33,314,313,238,680,19120,656,0,7680,0
2015-02-18 03:40:20.000,03:40:30.000,19064,8782223,1906.40,878222.30,33,33,366,361,266,812,18334,692,66,7678,0
2015-02-18 03:40:30.000,03:40:40.000,15310,5594740,1531.00,559474.00,33,33,353,349,277,788,14530,692,54,6306,0
2015-02-18 03:40:40.000,03:40:50.000,18086,10015142,1808.60,1001514.20,32,31,291,289,209,564,17478,572,0,7366,0
2015-02-18 03:40:50.000,03:41:00.000,15858,7244355,1585.80,724435.50,35,34,312,311,216,612,15244,608,0,5910,0
2015-02-18 03:41:00.000,03:41:10.000,17708,9726145,1770.80,972614.50,34,32,299,296,219,596,17092,592,0,6412,0
2015-02-18 03:41:10.000,03:41:20.000,21874,13999420,2187.40,1399942.00,34,34,299,296,227,618,21250,600,0,7674,0
2015-02-18 03:41:20.000,03:41:30.000,22830,14156364,2283.00,1415636.40,33,32,341,337,244,650,22130,664,0,8024,0
2015-02-18 03:41:30.000,03:41:40.000,18344,10137691,1834.40,1013769.10,32,31,314,312,228,628,17664,636,0,6556,0
2015-02-18 03:41:40.000,03:41:50.000,17810,8702707,1781.00,870270.70,34,33,318,317,238,688,17150,680,0,6860,0
2015-02-18 03:41:50.000,03:42:00.000,19274,10170364,1927.40,1017036.40,33,33,348,344,268,756,18534,720,0,7556,0
2015-02-18 03:42:00.000,03:42:10.000,17726,9919246,1772.60,991924.60,34,34,325,321,252,656,17044,688,0,6772,0
2015-02-18 03:42:10.000,03:42:20.000,20002,11694712,2000.20,1169471.20,34,33,321,320,244,684,19338,664,0,7796,0
2015-02-18 03:42:20.000,03:42:30.000,24267,14083883,2426.70,1408388.30,35,34,344,344,261,768,23626,752,0,9472,0
2015-02-18 03:42:30.000,03:42:40.000,24296,14906893,2429.60,1490689.30,32,33,350,330,274,724,23624,736,0,9368,0
2015-02-18 03:42:40.000,03:42:50.000,22338,13548972,2233.80,1354897.20,32,31,312,310,235,628,21692,668,0,8626,0
2015-02-18 03:42:50.000,03:43:00.000,14042,7132706,1404.20,713270.60,32,33,281,278,211,572,13422,572,0,5364,0
2015-02-18 03:43:00.000,03:43:10.000,12362,4882488,1236.20,488248.80,34,33,274,272,200,576,11796,588,0,5126,0
2015-02-18 03:43:10.000,03:43:20.000,16826,9278232,1682.60,927823.20,33,32,267,265,211,596,16222,564,0,6484,0
2015-02-18 03:43:20.000,03:43:30.000,20738,12334676,2073.80,1233467.60,35,34,333,330,248,724,20090,744,0,7702,0
2015-02-18 03:43:30.000,03:43:40.000,16180,8068310,1618.00,806831.00,34,33,326,324,237,692,15510,680,0,6088,0
2015-02-18 03:43:40.000,03:43:50.000,24712,15983089,2471.20,1598308.90,34,34,313,310,244,712,24078,692,0,9308,0
2015-02-18 03:43:50.000,03:44:00.000,16696,9389592,1669.60,938959.20,33,33,293,291,219,624,16122,636,0,6404,0
2015-02-18 03:44:00.000,03:44:10.000,23092,14654542,2309.20,1465454.20,32,31,312,311,239,720,22488,712,0,8768,0
2015-02-18 03:44:10.000,03:44:20.000,16038,8127470,1603.80,812747.00,33,33,309,306,229,664,15442,692,0,6344,0
2015-02-18 03:44:20.000,03:44:30.000,17180,9915499,1718.00,991549.90,35,34,296,294,231,656,16530,624,0,6502,0
2015-02-18 03:44:30.000,03:44:40.000,17196,8297575,1719.60,829757.50,34,33,314,313,243,690,16562,668,0,6772,0
2015-02-18 03:44:40.000,03:44:50.000,24386,14536674,2438.60,1453667.40,35,34,309,310,245,682,23768,720,0,9318,0
2015-02-18 03:44:50.000,03:45:00.000,19642,11154954,1964.20,1115495.40,35,35,319,316,244,742,19028,736,0,7564,0
2015-02-18 03:45:00.000,03:45:10.000,17280,8563786,1728.00,856378.60,33,32,330,328,261,750,16588,740,0,6386,0
2015-02-18 03:45:10.000,03:45:20.000,20862,11925355,2086.20,1192535.50,35,34,337,336,262,758,20194,772,0,7780,0
2015-02-18 03:45:20.000,03:45:30.000,19782,12286616,1978.20,1228661.60,35,34,291,291,225,638,19152,632,0,7004,0
2015-02-18 03:45:30.000,03:45:40.000,18438,10433587,1843.80,1043358.70,37,36,308,308,233,676,17830,676,0,6840,0
2015-02-18 03:45:40.000,03:45:50.000,14624,6918281,1462.40,691828.10,33,32,310,311,241,688,13958,664,0,5454,0
2015-02-18 03:45:50.000,03:46:00.000,20736,11832167,2073.60,1183216.70,35,34,326,325,249,712,20106,708,0,7924,0
2015-02-18 03:46:00.000,03:46:10.000,17144,8756362,1714.40,875636.20,37,36,329,327,252,712,16502,708,0,6490,0
2015-02-18 03:46:10.000,03:46:20.000,24038,14633512,2403.80,1463351.20,38,37,346,344,273,736,23328,708,0,8768,0
2015-02-18 03:46:20.000,03:46:30.000,24276,15162081,2427.60,1516208.10,35,34,337,335,266,716,23606,732,0,8734,0
2015-02-18 03:46:30.000,03:46:40.000,25068,15937284,2506.80,1593728.40,34,33,347,347,262,732,24426,760,0,9372,0
2015-02-18 03:46:40.000,03:46:50.000,25858,16963346,2585.80,1696334.60,34,33,298,298,231,652,25268,656,0,9710,0
2015-02-18 03:46:50.000,03:47:00.000,16820,9289914,1682.00,928991.40,36,35,293,291,222,614,16248,616,0,6490,0
2015-02-18 03:47:00.000,03:47:10.000,18130,10210831,1813.00,1021083.10,35,35,291,290,223,622,17548,624,0,6898,0
2015-02-18 03:47:10.000,03:47:20.000,19162,10756095,1916.20,1075609.50,37,36,311,312,245,708,18540,718,0,7330,0
2015-02-18 03:47:20.000,03:47:30.000,15460,7341605,1546.00,734160.50,36,35,332,332,258,744,14764,726,0,5958,0
2015-02-18 03:47:30.000,03:47:40.000,14746,6154273,1474.60,615427.30,34,34,322,320,243,708,14114,748,0,5794,0
2015-02-18 03:47:40.000,03:47:50.000,15446,6794907,1544.60,679490.70,36,35,325,323,255,784,14798,764,0,5972,0
2015-02-18 03:47:50.000,03:48:00.000,14192,6593701,1419.20,659370.10,34,34,316,312,261,712,13488,668,0,5232,0
2015-02-18 03:48:00.000,03:48:10.000,20268,11389983,2026.80,1138998.30,37,36,363,362,292,826,19534,848,0,7562,0
2015-02-18 03:48:10.000,03:48:20.000,20216,12454936,2021.60,1245493.60,37,36,332,328,279,776,19514,756,0,7380,0
2015-02-18 03:48:20.000,03:48:30.000,21070,12666222,2107.00,1266622.20,35,35,361,360,290,810,20310,808,0,7822,0
2015-02-18 03:48:30.000,03:48:40.000,20802,12597058,2080.20,1259705.80,38,37,331,330,259,748,20194,734,0,7954,0
2015-02-18 03:48:40.000,03:48:50.000,18380,11111903,1838.00,1111190.30,36,35,332,332,252,676,17726,706,0,6870,0
2015-02-18 03:48:50.000,03:49:00.000,21412,12751536,2141.20,1275153.60,35,35,344,344,289,852,20714,876,0,7772,0
2015-02-18 03:49:00.000,03:49:10.000,19244,11440713,1924.40,1144071.30,33,32,339,339,260,724,18528,708,0,7186,0
2015-02-18 03:49:10.000,03:49:20.000,19616,11068664,1961.60,1106866.40,35,34,339,339,269,802,18960,800,0,7482,0
2015-02-18 03:49:20.000,03:49:30.000,17656,8369045,1765.60,836904.50,36,35,357,356,271,800,16976,812,0,6824,0
2015-02-18 03:49:30.000,03:49:40.000,19102,10138999,1910.20,1013899.90,36,35,358,357,289,858,18368,884,0,7176,0
2015-02-18 03:49:40.000,03:49:50.000,20104,10667351,2010.40,1066735.10,34,33,364,362,276,824,19372,804,0,7788,0
2015-02-18 03:49:50.000,03:50:00.000,18048,9763786,1804.80,976378.60,34,33,342,341,275,806,17362,784,0,6752,0
2015-02-18 03:50:00.000,03:50:10.000,16846,7508728,1684.60,750872.80,35,33,368,367,289,814,16088,844,0,6502,0
2015-02-18 03:50:10.000,03:50:20.000,18550,10679857,1855.00,1067985.70,34,35,329,327,257,734,17878,696,0,7004,0
2015-02-18 03:50:20.000,03:50:30.000,20650,12077456,2065.00,1207745.60,35,35,342,341,276,804,19980,756,0,7598,0
2015-02-18 03:50:30.000,03:50:40.000,27848,16841951,2784.80,1684195.10,36,35,401,400,329,910,27052,928,0,10180,0
2015-02-18 03:50:40.000,03:50:50.000,24392,15434977,2439.20,1543497.70,37,36,361,360,276,764,23692,812,0,9008,0
2015-02-18 03:50:50.000,03:51:00.000,19479,10712289,1947.90,1071228.90,36,36,378,377,277,808,18726,804,0,7116,0
2015-02-18 03:51:00.000,03:51:10.000,24254,14867210,2425.40,1486721.00,37,36,381,380,309,910,23482,940,0,8746,0
2015-02-18 03:51:10.000,03:51:20.000,17702,8244783,1770.20,824478.30,37,36,348,345,267,804,17036,792,0,7006,0
2015-02-18 03:51:20.000,03:51:30.000,20796,11477103,2079.60,1147710.30,33,32,348,347,285,810,20062,800,0,7862,0
2015-02-18 03:51:30.000,03:51:40.000,20024,11983136,2002.40,1198313.60,35,35,354,352,271,734,19260,744,0,7490,0
2015-02-18 03:51:40.000,03:51:50.000,22832,12387499,2283.20,1238749.90,33,31,369,369,288,834,22080,836,0,8902,0
2015-02-18 03:51:50.000,03:52:00.000,19342,9632682,1934.20,963268.20,33,34,349,347,277,758,18570,748,0,7554,0
2015-02-18 03:52:00.000,03:52:10.000,22700,10959044,2270.00,1095904.40,36,35,376,376,296,886,21916,868,0,8892,0
2015-02-18 03:52:10.000,03:52:20.000,21008,10680769,2100.80,1068076.90,37,36,387,386,303,840,20188,852,0,8026,0
2015-02-18 03:52:20.000,03:52:30.000,25700,14069560,2570.00,1406956.00,36,35,403,401,327,1002,24894,1000,0,9638,0
2015-02-18 03:52:30.000,03:52:40.000,19076,10248897,1907.60,1024889.70,35,34,353,353,269,790,18394,780,0,7228,0
2015-02-18 03:52:40.000,03:52:50.000,15936,6759639,1593.60,675963.90,36,35,358,358,270,764,15242,792,0,6292,0
2015-02-18 03:52:50.000,03:53:00.000,17746,8876741,1774.60,887674.10,36,35,349,348,270,764,17010,760,0,6414,0
2015-02-18 03:53:00.000,03:53:10.000,20228,11183976,2022.80,1118397.60,36,35,373,371,292,844,19442,824,0,7340,0
2015-02-18 03:53:10.000,03:53:20.000,21112,11456481,2111.20,1145648.10,35,34,362,361,285,812,20404,824,0,7880,0
2015-02-18 03:53:20.000,03:53:30.000,22838,12283591,2283.80,1228359.10,35,34,381,380,299,872,22064,872,0,8666,0
2015-02-18 03:53:30.000,03:53:40.000,19992,9612210,1999.20,961221.00,34,33,374,371,288,824,19246,820,0,7846,0
2015-02-18 03:53:40.000,03:53:50.000,21024,10324211,2102.40,1032421.10,34,34,363,360,288,820,20304,840,0,8322,0
2015-02-18 03:53:50.000,03:54:00.000,23970,14060140,2397.00,1406014.00,33,32,375,371,313,928,23210,928,0,8850,0
2015-02-18 03:54:00.000,03:54:10.000,21342,9464821,2134.20,946482.10,34,33,381,379,284,820,20570,796,0,8578,0
2015-02-18 03:54:10.000,03:54:20.000,17400,8840253,1740.00,884025.30,37,36,348,344,255,708,16718,704,0,6668,0
2015-02-18 03:54:20.000,03:54:30.000,17708,8025128,1770.80,802512.80,36,35,359,358,275,736,16956,736,0,6722,0
2015-02-18 03:54:30.000,03:54:40.000,18120,8996928,1812.00,899692.80,35,35,326,323,232,606,17456,620,0,7132,0
2015-02-18 03:54:40.000,03:54:50.000,19800,11000354,1980.00,1100035.40,36,35,355,355,249,682,19084,616,0,7058,0
2015-02-18 03:54:50.000,03:55:00.000,26271,17993270,2627.10,1799327.00,37,36,335,332,243,620,25658,672,0,8686,0
2015-02-18 03:55:00.000,03:55:10.000,29784,21754777,2978.40,2175477.70,36,35,353,352,270,730,29056,676,0,9816,0
2015-02-18 03:55:10.000,03:55:20.000,29916,21590672,2991.60,2159067.20,36,35,323,321,248,606,29302,680,0,10100,0
2015-02-18 03:55:20.000,03:55:30.000,27270,19742976,2727.00,1974297.60,36,35,334,331,251,664,26546,556,0,9166,0
2015-02-18 03:55:30.000,03:55:40.000,32086,23156403,3208.60,2315640.30,37,36,360,356,273,660,31422,668,0,11100,0
2015-02-18 03:55:40.000,03:55:50.000,31709,23166593,3170.90,2316659.30,36,35,351,346,268,620,31016,636,0,10924,0
2015-02-18 03:55:50.000,03:56:00.000,28961,21052047,2896.10,2105204.70,33,32,325,321,246,552,28313,622,0,10002,0
2015-02-18 03:56:00.000,03:56:10.000,21798,13809260,2179.80,1380926.00,37,36,316,313,241,632,21138,588,0,7492,0
2015-02-18 03:56:10.000,03:56:20.000,19716,10375373,1971.60,1037537.30,36,35,365,361,274,728,18994,766,0,7052,0
2015-02-18 03:56:20.000,03:56:30.000,16446,9568788,1644.60,956878.80,35,34,337,333,264,694,15716,658,0,5442,0
2015-02-18 03:56:30.000,03:56:40.000,24208,14850530,2420.80,1485053.00,36,35,347,342,259,668,23548,664,0,8844,0
2015-02-18 03:56:40.000,03:56:50.000,19718,10791873,1971.80,1079187.30,36,36,328,322,264,664,19048,652,0,7030,0
2015-02-18 03:56:50.000,03:57:00.000,26272,17672592,2627.20,1767259.20,35,34,335,328,252,636,25582,600,0,9394,0
2015-02-18 03:57:00.000,03:57:10.000,20346,11758555,2034.60,1175855.50,35,34,301,300,235,620,19766,636,0,7230,0
2015-02-18 03:57:10.000,03:57:20.000,19404,8998070,1940.40,899807.00,36,34,352,349,268,688,18668,700,0,7478,0
2015-02-18 03:57:20.000,03:57:30.000,15772,6548510,1577.20,654851.00,36,36,358,351,267,688,15002,700,0,5740,0
2015-02-18 03:57:30.000,03:57:40.000,21026,11171758,2102.60,1117175.80,36,34,346,336,262,696,20312,672,0,7792,0
2015-02-18 03:57:40.000,03:57:50.000,20220,10994678,2022.00,1099467.80,33,34,339,331,255,640,19486,668,0,7262,0
2015-02-18 03:57:50.000,03:58:00.000,25978,15433884,2597.80,1543388.40,35,34,353,344,267,714,25184,664,0,9658,0
2015-02-18 03:58:00.000,03:58:10.000,26832,16458267,2683.20,1645826.70,36,35,356,348,262,698,26056,684,0,10126,0
2015-02-18 03:58:10.000,03:58:20.000,29246,19135696,2924.60,1913569.60,34,33,346,337,261,636,28414,648,0,10746,0
2015-02-18 03:58:20.000,03:58:30.000,23298,13849721,2329.80,1384972.10,34,33,329,323,241,592,22598,620,0,8986,0
2015-02-18 03:58:30.000,03:58:40.000,25702,15980064,2570.20,1598006.40,34,34,378,372,271,744,24922,728,0,9662,0
2015-02-18 03:58:40.000,03:58:50.000,29238,18698218,2923.80,1869821.80,35,34,347,339,257,666,28564,648,0,10872,0
2015-02-18 03:58:50.000,03:59:00.000,25784,15746111,2578.40,1574611.10,37,36,327,320,252,586,25078,640,0,9832,0
2015-02-18 03:59:00.000,03:59:10.000,19318,8340372,1931.80,834037.20,36,35,361,356,253,738,18666,700,0,8138,0
2015-02-18 03:59:10.000,03:59:20.000,24344,14463582,2434.40,1446358.20,35,34,351,345,257,658,23644,672,0,9328,0
2015-02-18 03:59:20.000,03:59:30.000,18394,9393095,1839.40,939309.50,33,35,316,307,233,604,17792,628,0,7254,0
2015-02-18 03:59:30.000,03:59:40.000,17412,9854672,1741.20,985467.20,35,35,309,302,250,580,16672,552,0,6298,0
2015-02-18 03:59:40.000,03:59:50.000,19798,11521896,1979.80,1152189.60,34,33,334,325,245,620,19162,624,0,7484,0
2015-02-18 03:59:50.000,04:00:00.000,19462,11786229,1946.20,1178622.90,35,36,324,316,240,604,18810,592,0,7144,0
2015-02-18 04:00:00.000,04:00:10.000,18438,10619202,1843.80,1061920.20,35,34,338,329,250,636,17754,648,0,6816,0
2015-02-18 04:00:10.000,04:00:20.000,20270,11362498,2027.00,1136249.80,35,33,355,345,271,704,19536,724,0,7618,0
2015-02-18 04:00:20.000,04:00:30.000,20890,11476885,2089.00,1147688.50,35,34,341,329,269,714,20182,676,0,7748,0
2015-02-18 04:00:30.000,04:00:40.000,23568,14293235,2356.80,1429323.50,34,34,342,329,269,626,22836,652,0,8770,0
2015-02-18 04:00:40.000,04:00:50.000,18120,8959394,1812.00,895939.40,35,34,332,316,258,660,17488,678,0,6884,0
2015-02-18 04:00:50.000,04:01:00.000,15644,7459620,1564.40,745962.00,34,33,329,315,241,612,14962,594,0,5778,0
2015-02-18 04:01:00.000,04:01:10.000,23294,14704528,2329.40,1470452.80,34,34,354,342,271,680,22540,668,0,8260,0
2015-02-18 04:01:10.000,04:01:20.000,19102,10471629,1910.20,1047162.90,35,35,359,345,268,682,18390,696,0,7030,0
2015-02-18 04:01:20.000,04:01:30.000,17435,9287319,1743.50,928731.90,34,32,349,334,270,662,16682,676,0,6408,0
2015-02-18 04:01:30.000,04:01:40.000,25564,16286520,2556.40,1628652.00,34,34,359,337,272,712,24870,640,0,9578,0
2015-02-18 04:01:40.000,04:01:50.000,30502,20690822,3050.20,2069082.20,34,33,346,318,264,586,29826,664,0,11418,0
2015-02-18 04:01:50.000,04:02:00.000,16592,7970058,1659.20,797005.80,33,32,349,325,253,646,15918,652,0,6800,0
2015-02-18 04:02:00.000,04:02:10.000,14295,6075972,1429.50,607597.20,32,32,341,321,261,652,13576,616,0,5754,0
2015-02-18 04:02:10.000,04:02:20.000,17790,8087491,1779.00,808749.10,32,32,336,321,250,632,17138,664,0,7294,0
2015-02-18 04:02:20.000,04:02:30.000,18530,9948817,1853.00,994881.70,30,30,332,320,250,616,17788,594,0,7356,0
2015-02-18 04:02:30.000,04:02:40.000,19536,10705121,1953.60,1070512.10,33,33,345,329,259,658,18860,650,0,7708,0
2015-02-18 04:02:40.000,04:02:50.000,18540,8730456,1854.00,873045.60,34,34,351,333,274,686,17838,696,0,7504,0
2015-02-18 04:02:50.000,04:03:00.000,14022,5025294,1402.20,502529.40,33,33,350,327,269,672,13326,700,0,5896,0
2015-02-18 04:03:00.000,04:03:10.000,18648,9637008,1864.80,963700.80,34,33,336,317,252,656,17962,600,0,7250,0
2015-02-18 04:03:10.000,04:03:20.000,27620,17150389,2762.00,1715038.90,33,33,368,351,268,688,26928,720,0,10818,0
2015-02-18 04:03:20.000,04:03:30.000,18404,10210851,1840.40,1021085.10,34,34,336,317,256,644,17704,640,0,7240,0
2015-02-18 04:03:30.000,04:03:40.000,28992,19597252,2899.20,1959725.20,35,35,325,311,254,632,28320,576,0,11030,0
2015-02-18 04:03:40.000,04:03:50.000,29364,19606261,2936.40,1960626.10,32,31,367,354,280,672,28618,688,0,11078,0
2015-02-18 04:03:50.000,04:04:00.000,31010,19718775,3101.00,1971877.50,33,32,355,341,269,684,30322,690,0,12044,0
2015-02-18 04:04:00.000,04:04:10.000,20140,11375349,2014.00,1137534.90,33,33,323,307,247,606,19506,674,0,7932,0
2015-02-18 04:04:10.000,04:04:20.000,15598,8143765,1559.80,814376.50,34,34,315,302,246,630,14916,612,0,6094,0
2015-02-18 04:04:20.000,04:04:30.000,26376,17142984,2637.60,1714298.40,33,33,349,319,261,616,25642,600,0,9958,0
2015-02-18 04:04:30.000,04:04:40.000,13876,5625388,1387.60,562538.80,33,32,326,326,242,688,13250,688,0,5768,0
2015-02-18 04:04:40.000,04:04:50.000,19026,9594307,1902.60,959430.70,33,33,318,316,240,660,18370,664,0,7728,0
2015-02-18 04:04:50.000,04:05:00.000,15822,7473270,1582.20,747327.00,34,33,312,313,239,640,15160,648,0,6392,0
2015-02-18 04:05:00.000,04:05:10.000,15708,6540848,1570.80,654084.80,32,32,327,326,242,660,15018,636,0,6476,0
2015-02-18 04:05:10.000,04:05:20.000,14084,4760881,1408.40,476088.10,33,34,310,307,233,620,13468,656,0,6100,0
2015-02-18 04:05:20.000,04:05:30.000,18878,9027252,1887.80,902725.20,31,31,289,288,210,612,18328,616,0,7906,0
2015-02-18 04:05:30.000,04:05:40.000,16912,8829428,1691.20,882942.80,33,33,279,278,198,548,16358,556,0,7004,0
2015-02-18 04:05:40.000,04:05:50.000,16176,7791937,1617.60,779193.70,36,35,294,294,219,596,15562,592,0,6674,0
2015-02-18 04:05:50.000,04:06:00.000,23154,13845060,2315.40,1384506.00,31,30,297,295,217,592,22544,592,0,9194,0
2015-02-18 04:06:00.000,04:06:10.000,17836,8285777,1783.60,828577.70,30,29,319,315,229,668,17228,620,0,7444,0
2015-02-18 04:06:10.000,04:06:20.000,24490,14064292,2449.00,1406429.20,32,31,317,317,226,632,23910,652,0,9908,0
2015-02-18 04:06:20.000,04:06:30.000,14233,6271282,1423.30,627128.20,31,31,298,295,213,560,13617,576,0,5953,0
